,labels
0,0
1,1
2,0
3,0
4,1
5,0
6,1
7,0
8,1
9,0
10,0
11,1
12,1
13,0
14,1
15,1
16,1
17,0
18,0
19,0
20,1
21,0
22,1
23,0
24,0
25,1
26,0
27,1
28,1
29,1
30,0
31,1
32,1
33,1
34,0
35,1
36,1
37,0
38,1
39,0
40,0
41,0
42,1
43,1
44,0
45,1
46,0
47,1
48,0
49,1
50,1
51,1
52,0
53,1
54,1
55,1
56,0
57,0
58,0
59,0
60,1
61,1
62,1
63,1
64,0
65,1
66,1
67,1
68,1
69,0
70,1
71,0
72,0
73,1
74,1
75,1
76,0
77,1
78,1
79,0
80,0
81,1
82,0
83,0
84,1
85,1
86,0
87,1
88,0
89,0
90,1
91,1
92,0
93,0
94,0
95,0
96,1
97,1
98,1
99,1
100,0
101,0
102,0
103,0
104,0
105,0
106,1
107,0
108,1
109,0
110,1
111,0
112,1
113,0
114,1
115,0
116,0
117,0
118,0
119,0
120,0
121,0
122,1
123,1
124,1
125,1
126,0
127,0
128,0
129,0
130,1
131,0
132,1
133,1
134,0
135,0
136,0
137,0
138,1
139,1
140,0
141,0
142,0
143,1
144,0
145,0
146,0
147,0
148,1
149,0
150,0
151,0
152,1
153,1
154,0
155,0
156,1
157,0
158,1
159,1
160,1
161,0
162,0
163,1
164,1
165,1
166,0
167,0
168,0
169,0
170,1
171,1
172,0
173,0
174,0
175,1
176,1
177,0
178,1
179,0
180,1
181,0
182,1
183,1
184,0
185,1
186,1
187,1
188,1
189,1
190,1
191,0
192,1
193,0
194,1
195,1
196,0
197,1
198,0
199,0
200,1
201,1
202,0
203,1
204,0
205,0
206,1
207,0
208,1
209,1
210,1
211,1
212,0
213,1
214,0
215,1
216,0
217,1
218,1
219,1
220,0
221,1
222,0
223,0
224,0
225,1
226,1
227,1
228,0
229,0
230,0
231,1
232,1
233,1
234,0
235,1
236,1
237,1
238,1
239,1
240,0
241,1
242,1
243,0
244,1
245,1
246,1
247,1
248,1
249,0
250,1
251,0
252,1
253,0
254,0
255,0
256,1
257,0
258,1
259,1
260,0
261,0
262,0
263,0
264,1
265,0
266,0
267,1
268,0
269,0
270,1
271,0
272,0
273,1
274,0
275,1
276,1
277,0
278,0
279,1
280,1
281,1
282,1
283,0
284,1
285,1
286,0
287,1
288,1
289,0
290,0
291,0
292,1
293,1
294,1
295,0
296,1
297,1
298,1
299,0
300,0
301,0
302,0
303,1
304,1
305,0
306,0
307,0
308,0
309,0
310,1
311,1
312,1
313,1
314,0
315,0
316,0
317,1
318,1
319,0
320,0
321,0
322,0
323,1
324,1
325,1
326,1
327,0
328,0
329,1
330,1
331,0
332,0
333,0
334,1
335,0
336,0
337,0
338,1
339,0
340,1
341,0
342,1
343,1
344,0
345,1
346,1
347,1
348,1
349,1
350,0
351,0
352,0
353,0
354,1
355,1
356,0
357,1
358,1
359,1
360,1
361,0
362,0
363,0
364,0
365,0
366,1
367,1
368,1
369,0
370,0
371,1
372,0
373,1
374,0
375,1
376,1
377,0
378,0
379,1
380,1
381,1
382,1
383,0
384,1
385,0
386,0
387,0
388,1
389,0
390,1
391,0
392,0
393,0
394,1
395,1
396,0
397,0
398,1
399,0
400,1
401,1
402,0
403,0
404,1
405,0
406,0
407,0
408,0
409,0
410,1
411,0
412,1
413,0
414,1
415,0
416,0
417,1
418,1
419,0
420,1
421,1
422,1
423,1
424,1
425,1
426,0
427,0
428,0
429,0
430,1
431,0
432,0
433,0
434,1
435,1
436,1
437,0
438,1
439,1
440,1
441,0
442,0
443,1
444,0
445,0
446,0
447,0
448,0
449,0
450,1
451,1
452,0
453,1
454,0
455,1
456,1
457,1
458,1
459,1
460,1
461,1
462,0
463,1
464,1
465,0
466,0
467,1
468,1
469,1
470,0
471,1
472,1
473,1
474,1
475,1
476,0
477,1
478,0
479,1
480,0
481,0
482,1
483,1
484,0
485,1
486,1
487,0
488,0
489,1
490,0
491,0
492,0
493,0
494,1
495,1
496,0
497,0
498,0
499,0
500,0
501,0
502,0
503,0
504,1
505,1
506,1
507,1
508,0
509,1
510,0
511,0
512,1
513,1
514,0
515,0
516,1
517,1
518,1
519,1
520,1
521,1
522,0
523,0
524,1
525,0
526,1
527,0
528,1
529,1
530,0
531,0
532,1
533,1
534,1
535,1
536,0
537,1
538,0
539,1
540,0
541,1
542,0
543,1
544,0
545,0
546,1
547,1
548,1
549,1
550,0
551,1
552,1
553,1
554,0
555,1
556,0
557,0
558,0
559,0
560,0
561,0
562,0
563,0
564,0
565,0
566,1
567,1
568,1
569,1
570,0
571,0
572,0
573,1
574,1
575,1
576,1
577,0
578,1
579,1
580,0
581,1
582,0
583,1
584,0
585,0
586,0
587,1
588,0
589,1
590,1
591,0
592,1
593,1
594,0
595,1
596,1
597,1
598,1
599,0
600,1
601,1
602,0
603,0
604,0
605,1
606,1
607,1
608,0
609,1
610,0
611,0
612,0
613,0
614,1
615,0
616,0
617,1
618,1
619,0
620,0
621,1
622,0
623,0
624,1
625,1
626,0
627,0
628,0
629,0
630,0
631,0
632,1
633,1
634,0
635,1
636,0
637,1
638,1
639,0
640,0
641,1
642,0
643,0
644,0
645,1
646,1
647,0
648,1
649,0
650,1
651,0
652,1
653,1
654,0
655,0
656,0
657,0
658,1
659,1
660,1
661,0
662,0
663,0
664,1
665,0
666,1
667,0
668,1
669,1
670,1
671,1
672,0
673,0
674,1
675,1
676,1
677,0
678,0
679,1
680,0
681,0
682,1
683,1
684,1
685,1
686,1
687,1
688,1
689,0
690,1
691,0
692,0
693,0
694,1
695,1
696,0
697,0
698,1
699,0
700,1
701,0
702,0
703,1
704,1
705,0
706,1
707,0
708,1
709,0
710,1
711,0
712,0
713,0
714,0
715,0
716,1
717,1
718,0
719,1
720,1
721,0
722,0
723,0
724,0
725,0
726,1
727,1
728,1
729,0
730,0
731,1
732,1
733,0
734,1
735,1
736,0
737,1
738,0
739,1
740,1
741,0
742,0
743,0
744,1
745,1
746,0
747,1
748,0
749,0
750,1
751,1
752,0
753,1
754,0
755,1
756,0
757,0
758,1
759,1
760,1
761,0
762,1
763,0
764,0
765,1
766,1
767,0
768,1
769,0
770,0
771,1
772,1
773,0
774,1
775,1
776,0
777,1
778,0
779,1
780,1
781,1
782,0
783,1
784,0
785,1
786,1
787,1
788,0
789,1
790,0
791,0
792,0
793,1
794,1
795,0
796,0
797,1
798,1
799,0
800,1
801,1
802,0
803,1
804,1
805,0
806,0
807,0
808,1
809,1
810,0
811,1
812,0
813,1
814,0
815,0
816,1
817,0
818,0
819,0
820,0
821,0
822,0
823,0
824,1
825,0
826,0
827,0
828,0
829,0
830,1
831,0
832,0
833,1
834,1
835,1
836,1
837,0
838,0
839,1
840,0
841,1
842,1
843,0
844,0
845,1
846,1
847,0
848,1
849,1
850,1
851,0
852,1
853,1
854,0
855,1
856,1
857,0
858,1
859,1
860,1
861,1
862,1
863,1
864,1
865,0
866,0
867,0
868,0
869,0
870,1
871,0
872,1
873,1
874,1
875,1
876,0
877,0
878,1
879,0
880,0
881,1
882,0
883,0
884,0
885,0
886,0
887,1
888,0
889,0
890,1
891,1
892,1
893,1
894,0
895,0
896,1
897,0
898,0
899,1
900,1
901,0
902,1
903,0
904,0
905,1
906,1
907,1
908,1
909,1
910,1
911,0
912,0
913,1
914,0
915,1
916,0
917,1
918,0
919,1
920,0
921,0
922,0
923,0
924,1
925,1
926,0
927,0
928,0
929,1
930,1
931,1
932,0
933,1
934,0
935,1
936,0
937,0
938,1
939,1
940,0
941,0
942,0
943,0
944,1
945,0
946,1
947,0
948,1
949,1
950,0
951,0
952,0
953,0
954,0
955,0
956,1
957,1
958,0
959,1
960,1
961,1
962,1
963,1
964,0
965,0
966,1
967,0
968,0
969,1
970,0
971,0
972,0
973,1
974,1
975,1
976,1
977,0
978,0
979,0
980,0
981,1
982,1
983,0
984,0
985,0
986,1
987,1
988,0
989,1
990,0
991,1
992,1
993,1
994,0
995,0
996,0
997,1
998,0
999,0
1000,0
1001,1
1002,0
1003,1
1004,1
1005,0
1006,0
1007,1
1008,0
1009,0
1010,1
1011,1
1012,1
1013,0
1014,1
1015,1
1016,1
1017,0
1018,1
1019,1
1020,1
1021,1
1022,1
1023,1
1024,0
1025,1
1026,0
1027,1
1028,0
1029,0
1030,0
1031,1
1032,1
1033,1
1034,1
1035,0
1036,0
1037,1
1038,0
1039,1
1040,0
1041,1
1042,0
1043,0
1044,1
1045,1
1046,0
1047,0
1048,1
1049,1
1050,0
1051,1
1052,0
1053,0
1054,1
1055,1
1056,1
1057,1
1058,1
1059,1
1060,0
1061,1
1062,0
1063,0
1064,1
1065,0
1066,0
1067,1
1068,1
1069,0
1070,0
1071,0
1072,0
1073,0
1074,1
1075,1
1076,0
1077,1
1078,0
1079,1
1080,1
1081,0
1082,1
1083,0
1084,0
1085,0
1086,1
1087,0
1088,1
1089,1
1090,1
1091,1
1092,1
1093,1
1094,0
1095,0
1096,0
1097,1
1098,1
1099,1
1100,1
1101,1
1102,0
1103,0
1104,0
1105,1
1106,1
1107,0
1108,1
1109,0
1110,0
1111,1
1112,0
1113,1
1114,0
1115,0
1116,1
1117,0
1118,1
1119,0
1120,0
1121,0
1122,0
1123,0
1124,1
1125,0
1126,1
1127,1
1128,0
1129,0
1130,0
1131,0
1132,0
1133,1
1134,0
1135,1
1136,0
1137,0
1138,0
1139,0
1140,1
1141,1
1142,0
1143,0
1144,0
1145,1
1146,0
1147,1
1148,1
1149,0
1150,1
1151,1
1152,0
1153,0
1154,1
1155,1
1156,1
1157,0
1158,0
1159,0
1160,1
1161,1
1162,0
1163,1
1164,0
1165,1
1166,0
1167,1
1168,0
1169,1
1170,1
1171,1
1172,0
1173,0
1174,0
1175,0
1176,1
1177,1
1178,1
1179,0
1180,0
1181,1
1182,0
1183,0
1184,0
1185,1
1186,0
1187,1
1188,0
1189,1
1190,1
1191,0
1192,1
1193,0
1194,1
1195,0
1196,0
1197,1
1198,1
1199,1
1200,0
1201,0
1202,0
1203,1
1204,1
1205,1
1206,0
1207,0
1208,0
1209,1
1210,0
1211,1
1212,0
1213,0
1214,0
1215,1
1216,1
1217,0
1218,0
1219,1
1220,1
1221,1
1222,0
1223,1
1224,0
1225,0
1226,1
1227,1
1228,1
1229,0
1230,1
1231,0
1232,0
1233,0
1234,1
1235,0
1236,0
1237,1
1238,0
1239,0
1240,1
1241,0
1242,1
1243,1
1244,1
1245,1
1246,0
1247,0
1248,1
1249,0
1250,0
1251,0
1252,1
1253,1
1254,0
1255,1
1256,0
1257,1
1258,0
1259,0
1260,1
1261,1
1262,0
1263,0
1264,1
1265,0
1266,1
1267,0
1268,1
1269,1
1270,0
1271,1
1272,1
1273,0
1274,0
1275,1
1276,0
1277,1
1278,1
1279,1
1280,1
1281,0
1282,0
1283,0
1284,1
1285,1
1286,0
1287,0
1288,1
1289,0
1290,1
1291,0
1292,1
1293,0
1294,1
1295,0
1296,0
1297,1
1298,0
1299,0
1300,0
1301,0
1302,0
1303,0
1304,0
1305,1
1306,1
1307,0
1308,1
1309,0
1310,1
1311,0
1312,1
1313,0
1314,0
1315,1
1316,1
1317,1
1318,0
1319,1
1320,0
1321,1
1322,1
1323,1
1324,0
1325,0
1326,0
1327,1
1328,1
1329,1
1330,1
1331,0
1332,1
1333,1
1334,0
1335,1
1336,1
1337,0
1338,1
1339,1
1340,1
1341,0
1342,1
1343,1
1344,0
1345,1
1346,1
1347,0
1348,0
1349,1
1350,1
1351,0
1352,1
1353,1
1354,1
1355,1
1356,1
1357,1
1358,1
1359,0
1360,0
1361,1
1362,1
1363,0
1364,0
1365,0
1366,1
1367,1
1368,1
1369,1
1370,1
1371,1
1372,0
1373,1
1374,1
1375,1
1376,0
1377,1
1378,0
1379,0
1380,0
1381,1
1382,1
1383,0
1384,1
1385,0
1386,0
1387,0
1388,0
1389,0
1390,0
1391,1
1392,1
1393,1
1394,0
1395,0
1396,1
1397,1
1398,0
1399,0
1400,0
1401,1
1402,1
1403,1
1404,1
1405,1
1406,1
1407,1
1408,1
1409,0
1410,1
1411,0
1412,1
1413,1
1414,1
1415,0
1416,1
1417,0
1418,0
1419,0
1420,0
1421,1
1422,0
1423,0
1424,1
1425,0
1426,1
1427,1
1428,0
1429,0
1430,1
1431,1
1432,1
1433,0
1434,0
1435,0
1436,0
1437,1
1438,0
1439,1
1440,1
1441,1
1442,0
1443,1
1444,0
1445,1
1446,0
1447,1
1448,1
1449,0
1450,0
1451,1
1452,0
1453,0
1454,1
1455,1
1456,1
1457,0
1458,0
1459,0
1460,1
1461,0
1462,1
1463,0
1464,1
1465,0
1466,1
1467,1
1468,1
1469,1
1470,0
1471,0
1472,1
1473,0
1474,0
1475,0
1476,1
1477,0
1478,0
1479,0
1480,1
1481,0
1482,1
1483,1
1484,0
1485,1
1486,0
1487,0
1488,1
1489,1
1490,0
1491,1
1492,0
1493,0
1494,0
1495,1
1496,1
1497,0
1498,0
1499,1
1500,0
1501,1
1502,0
1503,0
1504,0
1505,1
1506,0
1507,0
1508,0
1509,1
1510,0
1511,1
1512,1
1513,0
1514,1
1515,0
1516,0
1517,0
1518,0
1519,0
1520,1
1521,1
1522,1
1523,1
1524,1
1525,0
1526,1
1527,1
1528,1
1529,0
1530,1
1531,1
1532,1
1533,0
1534,0
1535,0
1536,1
1537,0
1538,1
1539,0
1540,1
1541,1
1542,0
1543,1
1544,1
1545,0
1546,0
1547,0
1548,0
1549,0
1550,0
1551,0
1552,1
1553,0
1554,0
1555,1
1556,1
1557,0
1558,0
1559,0
1560,1
1561,0
1562,1
1563,0
1564,1
1565,0
1566,0
1567,1
1568,0
1569,0
1570,0
1571,0
1572,0
1573,1
1574,0
1575,1
1576,0
1577,0
1578,0
1579,1
1580,1
1581,1
1582,1
1583,1
1584,0
1585,0
1586,1
1587,1
1588,0
1589,1
1590,1
1591,1
1592,1
1593,0
1594,0
1595,0
1596,0
1597,0
1598,0
1599,1
