,feature_1,feature_2,feature_3,feature_4,feature_5,feature_6,feature_7,feature_8
0,7.766982073,0.242468358,2.4514,1.7362,-0.089252858,-0.017793895,-0.036483548,0.312714272
1,17.94008088,0.261168681,0.7297,2.0989,-0.189602497,-0.020596076,-0.0543638,0.381866697
2,3.5951,0.174408035,0.900317727,-0.089208221,-0.036844976,-0.002994193,0.00123251,0.105969599
3,1.6739,0.162969632,0.914392624,-0.3659056,-0.025685527,-0.000676479,0.008584798,0.069575657
4,8.5885,0.204137641,0.863735596,0.629957243,-0.065849554,-0.009018173,-0.017876856,0.200561265
5,9.2502,0.172592286,-0.4998,-0.231759848,-0.048161458,-0.015880011,-0.002564312,0.102869701
6,7.154,0.206778007,1.3234,0.736162171,-0.064295098,-0.050001251,-0.018022685,0.174408273
7,7.4229,0.211459892,1.3843,0.82224242,-0.067746335,-0.121308847,-0.020563919,0.275419725
8,8.0481,0.21191259,1.3785,0.905213839,-0.069348871,0.059276493,-0.021396369,0.08274828
9,6.9382,0.1975604,3.2104,2.5269,-0.060344476,0.014921407,0.019224053,0.025653821
10,6.3852,0.217263177,1.373,1.0202,-0.002158864,0.026438782,0.04991778,0.021908832
11,5.0216,0.163799154,0.5734,0.3464,-0.02108441,-0.009050684,-0.015179804,0.025311022
12,13.7319,0.265660256,0.829846345,1.37380081,-0.095830778,-0.015261853,-0.037643763,0.298508087
13,13.2477,0.163327802,0.821447653,1.294357158,-0.092685208,-0.014555281,-0.035526977,0.287712295
14,13.1591,0.144702655,0.81992283,1.279830123,-0.092109959,-0.014426114,-0.035139908,0.285738486
15,10.0314,0.145802759,0.845143161,0.831248432,-0.074007047,-0.010676631,-0.02322155,0.226804173
16,10.3846,0.041950913,0.829845046,0.871787073,-0.075704191,-0.010972427,-0.024292498,0.231767276
17,8.513795839,0.203676625,0.863869589,0.618894247,-0.065405752,-0.008924376,-0.017582877,0.199097469
18,8.513795839,0.203676625,0.863869589,0.618894247,-0.065405752,-0.008924376,-0.017582877,0.199097469
19,12.3552,0.226563746,0.836140387,1.172449444,-0.087728744,-0.013562277,-0.032291733,0.271915138
20,12.2949,0.226204733,0.836582151,1.163764845,-0.087378486,-0.013489532,-0.03206097,0.270772855
21,13.5969,0.233956555,0.827043573,1.351283056,-0.094941261,-0.015060249,-0.037043626,0.295437082
22,13.4174,0.232887851,0.828358607,1.325430891,-0.09389862,-0.014843703,-0.036356693,0.292036752
23,6.8712,0.150246079,0.4661,0.1112,-0.01443304,-0.000939024,0.0012794,0.004231828
24,7.0793,0.1629186,0.3334,0.3386,0.007804875,-0.000400193,0.000774584,0.004057444
25,6.1668,0.155061544,0.1512,-0.123,-0.015024972,0.000419897,-0.001705712,0.00443
26,6.7292,0.182183435,0.5328,0.079,-0.179658178,0.003188901,0.007691248,0.008175194
27,6.880600838,0.183332708,0.5485,0.2439,-0.013909593,-0.004394122,0.152067432,0.135429485
28,5.5838,0.186634971,-0.4522,-0.357,-0.016799647,0.057250829,0.090531235,0.781227297
29,8.403286293,0.175994038,0.9585,0.782341209,-0.043695628,-0.002407574,-0.199103393,0.111641137
30,11.6041,0.69401616,0.898328217,1.110337888,-0.084946322,-0.013237151,-0.030669059,0.265390274
31,9.0122,0.461901759,0.89125878,0.715871346,-0.069164698,-0.009843284,-0.020174732,0.212750459
32,8.5279,0.689687866,0.922483898,0.668614697,-0.067123381,-0.00954275,-0.018932605,0.2073381
33,5.3859,0.18523804,0.9112,0.2671,-0.06001745,-0.005316692,-0.005766705,0.016029934
34,6.5545,0.167860849,0.6099,-0.7736,-0.012993206,-0.008879462,0.002151752,0.050686457
35,6.9093,0.176661218,0.6956,-0.3864,-0.102464201,0.017418057,-0.002614744,0.046156063
36,2.2417,0.166350188,0.910232866,-0.284129225,-0.02898364,-0.001361467,0.00641187,0.080331684
37,5.2695,0.184377044,0.88805091,0.151944231,-0.046570868,-0.00501417,-0.005175293,0.137688325
38,4.2874,0.178529837,0.89524587,0.010499042,-0.040866258,-0.003829376,-0.00141687,0.119084072
39,8.0011,0.189099549,0.385307962,0.0466,-0.058194854,-0.005861297,-0.006810456,0.156688574
40,9.0414,0.136203719,-0.09881333,0.0959,-0.028690227,0.006261447,0.018683104,-0.004242564
41,10.9108,0.25001623,0.519607871,0.3082,-0.100356412,-0.019196251,-0.040641787,0.345511554
42,7.8405,0.003993073,0.52051209,0.221544902,-0.053223053,-0.004739508,-0.006459573,0.141263905
43,8.1917,0.006864384,0.404065598,0.208991049,-0.049158412,-0.003123782,-0.004239184,0.120829351
44,6.7087,0.004448779,0.693066562,0.218167288,-0.048836395,-0.004502397,-0.005829115,0.135006253
45,8.513795839,0.203676625,0.863869589,0.618894247,-0.065405752,-0.008924376,-0.017582877,0.199097469
46,8.513795839,0.203676625,0.863869589,0.618894247,-0.065405752,-0.008924376,-0.017582877,0.199097469
47,8.513795839,0.203676625,0.863869589,0.618894247,-0.065405752,-0.008924376,-0.017582877,0.199097469
48,6.0678,0.225964107,1.337520484,0.505226927,-0.076999175,-0.014508986,-0.022774538,0.266085839
49,7.9079,0.173296312,0.296339245,0.05463201,-0.046711523,-0.002198213,-0.000759257,0.107537931
50,8.4979,0.235411754,1.127003958,0.657408076,-0.089550864,-0.016390333,-0.027942773,0.297907541
51,9.9184,0.240439395,1.097937097,0.869540035,-0.095053048,-0.017289548,-0.032407376,0.314049257
52,10.8939,0.217863487,0.846846012,0.961988337,-0.079240661,-0.011799381,-0.026699448,0.244233238
53,12.0645,0.224832982,0.838270084,1.130581899,-0.086040189,-0.01321158,-0.031179246,0.26640831
54,12.2301,0.225818928,0.837056882,1.154432141,-0.08700209,-0.013411358,-0.031812985,0.269545327
55,7.0254,0.240134895,1.2025,0.4911,-0.041751445,-0.060556003,-0.014166139,0.079970766
56,7.985,0.030706977,1.459962775,1.2994,-0.051541218,-0.007656491,-0.027313232,0.182629691
57,11.84071274,0.218294269,1.26293966,1.679856222,-0.073851298,-0.01131771,-0.036244026,0.241595061
58,11.1887,0.230496441,1.168,1.312942436,-0.096419546,0.00232469,-0.211020871,0.619361118
59,11.2898,0.236295743,0.5427,0.626257475,-0.091402042,-0.025924568,-0.036945561,0.618007139
60,4.743,0.215043934,1.35935442,0.183552661,-0.08327302,-0.01677919,-0.020993368,0.291976715
61,3.4285,0.095773222,1.202712936,-0.103882419,-0.067326942,-0.012390384,-0.010946702,0.229843708
